path,class,label
training/OpenCountry/41.jpg,OpenCountry,10
training/OpenCountry/61.jpg,OpenCountry,10
training/OpenCountry/29.jpg,OpenCountry,10
training/OpenCountry/7.jpg,OpenCountry,10
training/OpenCountry/15.jpg,OpenCountry,10
training/OpenCountry/73.jpg,OpenCountry,10
training/OpenCountry/24.jpg,OpenCountry,10
training/OpenCountry/79.jpg,OpenCountry,10
training/OpenCountry/10.jpg,OpenCountry,10
training/OpenCountry/80.jpg,OpenCountry,10
training/OpenCountry/74.jpg,OpenCountry,10
training/OpenCountry/2.jpg,OpenCountry,10
training/OpenCountry/4.jpg,OpenCountry,10
training/OpenCountry/82.jpg,OpenCountry,10
training/OpenCountry/51.jpg,OpenCountry,10
training/OpenCountry/63.jpg,OpenCountry,10
training/OpenCountry/50.jpg,OpenCountry,10
training/OpenCountry/78.jpg,OpenCountry,10
training/OpenCountry/23.jpg,OpenCountry,10
training/OpenCountry/83.jpg,OpenCountry,10
training/OpenCountry/13.jpg,OpenCountry,10
training/OpenCountry/31.jpg,OpenCountry,10
training/OpenCountry/28.jpg,OpenCountry,10
training/OpenCountry/8.jpg,OpenCountry,10
training/OpenCountry/52.jpg,OpenCountry,10
training/OpenCountry/14.jpg,OpenCountry,10
training/OpenCountry/43.jpg,OpenCountry,10
training/OpenCountry/25.jpg,OpenCountry,10
training/OpenCountry/98.jpg,OpenCountry,10
training/OpenCountry/56.jpg,OpenCountry,10
training/OpenCountry/58.jpg,OpenCountry,10
training/OpenCountry/94.jpg,OpenCountry,10
training/OpenCountry/87.jpg,OpenCountry,10
training/OpenCountry/3.jpg,OpenCountry,10
training/OpenCountry/54.jpg,OpenCountry,10
training/OpenCountry/44.jpg,OpenCountry,10
training/OpenCountry/16.jpg,OpenCountry,10
training/OpenCountry/66.jpg,OpenCountry,10
training/OpenCountry/84.jpg,OpenCountry,10
training/OpenCountry/46.jpg,OpenCountry,10
training/OpenCountry/55.jpg,OpenCountry,10
training/OpenCountry/6.jpg,OpenCountry,10
training/OpenCountry/27.jpg,OpenCountry,10
training/OpenCountry/62.jpg,OpenCountry,10
training/OpenCountry/0.jpg,OpenCountry,10
training/OpenCountry/9.jpg,OpenCountry,10
training/OpenCountry/71.jpg,OpenCountry,10
training/OpenCountry/90.jpg,OpenCountry,10
training/OpenCountry/18.jpg,OpenCountry,10
training/OpenCountry/17.jpg,OpenCountry,10
training/OpenCountry/97.jpg,OpenCountry,10
training/OpenCountry/36.jpg,OpenCountry,10
training/OpenCountry/88.jpg,OpenCountry,10
training/OpenCountry/19.jpg,OpenCountry,10
training/OpenCountry/37.jpg,OpenCountry,10
training/OpenCountry/85.jpg,OpenCountry,10
training/OpenCountry/72.jpg,OpenCountry,10
training/OpenCountry/89.jpg,OpenCountry,10
training/OpenCountry/68.jpg,OpenCountry,10
training/OpenCountry/12.jpg,OpenCountry,10
training/OpenCountry/20.jpg,OpenCountry,10
training/OpenCountry/70.jpg,OpenCountry,10
training/OpenCountry/53.jpg,OpenCountry,10
training/OpenCountry/22.jpg,OpenCountry,10
training/OpenCountry/96.jpg,OpenCountry,10
training/OpenCountry/48.jpg,OpenCountry,10
training/OpenCountry/76.jpg,OpenCountry,10
training/OpenCountry/60.jpg,OpenCountry,10
training/OpenCountry/91.jpg,OpenCountry,10
training/OpenCountry/11.jpg,OpenCountry,10
training/OpenCountry/65.jpg,OpenCountry,10
training/OpenCountry/77.jpg,OpenCountry,10
training/OpenCountry/95.jpg,OpenCountry,10
training/OpenCountry/64.jpg,OpenCountry,10
training/OpenCountry/34.jpg,OpenCountry,10
training/OpenCountry/92.jpg,OpenCountry,10
training/OpenCountry/75.jpg,OpenCountry,10
training/OpenCountry/21.jpg,OpenCountry,10
training/OpenCountry/39.jpg,OpenCountry,10
training/OpenCountry/35.jpg,OpenCountry,10
training/OpenCountry/1.jpg,OpenCountry,10
training/OpenCountry/81.jpg,OpenCountry,10
training/OpenCountry/40.jpg,OpenCountry,10
training/OpenCountry/26.jpg,OpenCountry,10
training/OpenCountry/42.jpg,OpenCountry,10
training/OpenCountry/86.jpg,OpenCountry,10
training/OpenCountry/47.jpg,OpenCountry,10
training/OpenCountry/93.jpg,OpenCountry,10
training/OpenCountry/5.jpg,OpenCountry,10
training/OpenCountry/59.jpg,OpenCountry,10
training/OpenCountry/99.jpg,OpenCountry,10
training/OpenCountry/57.jpg,OpenCountry,10
training/OpenCountry/69.jpg,OpenCountry,10
training/OpenCountry/45.jpg,OpenCountry,10
training/OpenCountry/67.jpg,OpenCountry,10
training/OpenCountry/49.jpg,OpenCountry,10
training/OpenCountry/32.jpg,OpenCountry,10
training/OpenCountry/30.jpg,OpenCountry,10
training/OpenCountry/38.jpg,OpenCountry,10
training/OpenCountry/33.jpg,OpenCountry,10
training/Street/41.jpg,Street,11
training/Street/61.jpg,Street,11
training/Street/29.jpg,Street,11
training/Street/7.jpg,Street,11
training/Street/15.jpg,Street,11
training/Street/73.jpg,Street,11
training/Street/24.jpg,Street,11
training/Street/79.jpg,Street,11
training/Street/10.jpg,Street,11
training/Street/80.jpg,Street,11
training/Street/74.jpg,Street,11
training/Street/2.jpg,Street,11
training/Street/4.jpg,Street,11
training/Street/82.jpg,Street,11
training/Street/51.jpg,Street,11
training/Street/63.jpg,Street,11
training/Street/50.jpg,Street,11
training/Street/78.jpg,Street,11
training/Street/23.jpg,Street,11
training/Street/83.jpg,Street,11
training/Street/13.jpg,Street,11
training/Street/31.jpg,Street,11
training/Street/28.jpg,Street,11
training/Street/8.jpg,Street,11
training/Street/52.jpg,Street,11
training/Street/14.jpg,Street,11
training/Street/43.jpg,Street,11
training/Street/25.jpg,Street,11
training/Street/98.jpg,Street,11
training/Street/56.jpg,Street,11
training/Street/58.jpg,Street,11
training/Street/94.jpg,Street,11
training/Street/87.jpg,Street,11
training/Street/3.jpg,Street,11
training/Street/54.jpg,Street,11
training/Street/44.jpg,Street,11
training/Street/16.jpg,Street,11
training/Street/66.jpg,Street,11
training/Street/84.jpg,Street,11
training/Street/46.jpg,Street,11
training/Street/55.jpg,Street,11
training/Street/6.jpg,Street,11
training/Street/27.jpg,Street,11
training/Street/62.jpg,Street,11
training/Street/0.jpg,Street,11
training/Street/9.jpg,Street,11
training/Street/71.jpg,Street,11
training/Street/90.jpg,Street,11
training/Street/18.jpg,Street,11
training/Street/17.jpg,Street,11
training/Street/97.jpg,Street,11
training/Street/36.jpg,Street,11
training/Street/88.jpg,Street,11
training/Street/19.jpg,Street,11
training/Street/37.jpg,Street,11
training/Street/85.jpg,Street,11
training/Street/72.jpg,Street,11
training/Street/89.jpg,Street,11
training/Street/68.jpg,Street,11
training/Street/12.jpg,Street,11
training/Street/20.jpg,Street,11
training/Street/70.jpg,Street,11
training/Street/53.jpg,Street,11
training/Street/22.jpg,Street,11
training/Street/96.jpg,Street,11
training/Street/48.jpg,Street,11
training/Street/76.jpg,Street,11
training/Street/60.jpg,Street,11
training/Street/91.jpg,Street,11
training/Street/11.jpg,Street,11
training/Street/65.jpg,Street,11
training/Street/77.jpg,Street,11
training/Street/95.jpg,Street,11
training/Street/64.jpg,Street,11
training/Street/34.jpg,Street,11
training/Street/92.jpg,Street,11
training/Street/75.jpg,Street,11
training/Street/21.jpg,Street,11
training/Street/39.jpg,Street,11
training/Street/35.jpg,Street,11
training/Street/1.jpg,Street,11
training/Street/81.jpg,Street,11
training/Street/40.jpg,Street,11
training/Street/26.jpg,Street,11
training/Street/42.jpg,Street,11
training/Street/86.jpg,Street,11
training/Street/47.jpg,Street,11
training/Street/93.jpg,Street,11
training/Street/5.jpg,Street,11
training/Street/59.jpg,Street,11
training/Street/99.jpg,Street,11
training/Street/57.jpg,Street,11
training/Street/69.jpg,Street,11
training/Street/45.jpg,Street,11
training/Street/67.jpg,Street,11
training/Street/49.jpg,Street,11
training/Street/32.jpg,Street,11
training/Street/30.jpg,Street,11
training/Street/38.jpg,Street,11
training/Street/33.jpg,Street,11
training/industrial/41.jpg,industrial,2
training/industrial/61.jpg,industrial,2
training/industrial/29.jpg,industrial,2
training/industrial/7.jpg,industrial,2
training/industrial/15.jpg,industrial,2
training/industrial/73.jpg,industrial,2
training/industrial/24.jpg,industrial,2
training/industrial/79.jpg,industrial,2
training/industrial/10.jpg,industrial,2
training/industrial/80.jpg,industrial,2
training/industrial/74.jpg,industrial,2
training/industrial/2.jpg,industrial,2
training/industrial/4.jpg,industrial,2
training/industrial/82.jpg,industrial,2
training/industrial/51.jpg,industrial,2
training/industrial/63.jpg,industrial,2
training/industrial/50.jpg,industrial,2
training/industrial/78.jpg,industrial,2
training/industrial/23.jpg,industrial,2
training/industrial/83.jpg,industrial,2
training/industrial/13.jpg,industrial,2
training/industrial/31.jpg,industrial,2
training/industrial/28.jpg,industrial,2
training/industrial/8.jpg,industrial,2
training/industrial/52.jpg,industrial,2
training/industrial/14.jpg,industrial,2
training/industrial/43.jpg,industrial,2
training/industrial/25.jpg,industrial,2
training/industrial/98.jpg,industrial,2
training/industrial/56.jpg,industrial,2
training/industrial/58.jpg,industrial,2
training/industrial/94.jpg,industrial,2
training/industrial/87.jpg,industrial,2
training/industrial/3.jpg,industrial,2
training/industrial/54.jpg,industrial,2
training/industrial/44.jpg,industrial,2
training/industrial/16.jpg,industrial,2
training/industrial/66.jpg,industrial,2
training/industrial/84.jpg,industrial,2
training/industrial/46.jpg,industrial,2
training/industrial/55.jpg,industrial,2
training/industrial/6.jpg,industrial,2
training/industrial/27.jpg,industrial,2
training/industrial/62.jpg,industrial,2
training/industrial/0.jpg,industrial,2
training/industrial/9.jpg,industrial,2
training/industrial/71.jpg,industrial,2
training/industrial/90.jpg,industrial,2
training/industrial/18.jpg,industrial,2
training/industrial/17.jpg,industrial,2
training/industrial/97.jpg,industrial,2
training/industrial/36.jpg,industrial,2
training/industrial/88.jpg,industrial,2
training/industrial/19.jpg,industrial,2
training/industrial/37.jpg,industrial,2
training/industrial/85.jpg,industrial,2
training/industrial/72.jpg,industrial,2
training/industrial/89.jpg,industrial,2
training/industrial/68.jpg,industrial,2
training/industrial/12.jpg,industrial,2
training/industrial/20.jpg,industrial,2
training/industrial/70.jpg,industrial,2
training/industrial/53.jpg,industrial,2
training/industrial/22.jpg,industrial,2
training/industrial/96.jpg,industrial,2
training/industrial/48.jpg,industrial,2
training/industrial/76.jpg,industrial,2
training/industrial/60.jpg,industrial,2
training/industrial/91.jpg,industrial,2
training/industrial/11.jpg,industrial,2
training/industrial/65.jpg,industrial,2
training/industrial/77.jpg,industrial,2
training/industrial/95.jpg,industrial,2
training/industrial/64.jpg,industrial,2
training/industrial/34.jpg,industrial,2
training/industrial/92.jpg,industrial,2
training/industrial/75.jpg,industrial,2
training/industrial/21.jpg,industrial,2
training/industrial/39.jpg,industrial,2
training/industrial/35.jpg,industrial,2
training/industrial/1.jpg,industrial,2
training/industrial/81.jpg,industrial,2
training/industrial/40.jpg,industrial,2
training/industrial/26.jpg,industrial,2
training/industrial/42.jpg,industrial,2
training/industrial/86.jpg,industrial,2
training/industrial/47.jpg,industrial,2
training/industrial/93.jpg,industrial,2
training/industrial/5.jpg,industrial,2
training/industrial/59.jpg,industrial,2
training/industrial/99.jpg,industrial,2
training/industrial/57.jpg,industrial,2
training/industrial/69.jpg,industrial,2
training/industrial/45.jpg,industrial,2
training/industrial/67.jpg,industrial,2
training/industrial/49.jpg,industrial,2
training/industrial/32.jpg,industrial,2
training/industrial/30.jpg,industrial,2
training/industrial/38.jpg,industrial,2
training/industrial/33.jpg,industrial,2
training/Highway/41.jpg,Highway,7
training/Highway/61.jpg,Highway,7
training/Highway/29.jpg,Highway,7
training/Highway/7.jpg,Highway,7
training/Highway/15.jpg,Highway,7
training/Highway/73.jpg,Highway,7
training/Highway/24.jpg,Highway,7
training/Highway/79.jpg,Highway,7
training/Highway/10.jpg,Highway,7
training/Highway/80.jpg,Highway,7
training/Highway/74.jpg,Highway,7
training/Highway/2.jpg,Highway,7
training/Highway/4.jpg,Highway,7
training/Highway/82.jpg,Highway,7
training/Highway/51.jpg,Highway,7
training/Highway/63.jpg,Highway,7
training/Highway/50.jpg,Highway,7
training/Highway/78.jpg,Highway,7
training/Highway/23.jpg,Highway,7
training/Highway/83.jpg,Highway,7
training/Highway/13.jpg,Highway,7
training/Highway/31.jpg,Highway,7
training/Highway/28.jpg,Highway,7
training/Highway/8.jpg,Highway,7
training/Highway/52.jpg,Highway,7
training/Highway/14.jpg,Highway,7
training/Highway/43.jpg,Highway,7
training/Highway/25.jpg,Highway,7
training/Highway/98.jpg,Highway,7
training/Highway/56.jpg,Highway,7
training/Highway/58.jpg,Highway,7
training/Highway/94.jpg,Highway,7
training/Highway/87.jpg,Highway,7
training/Highway/3.jpg,Highway,7
training/Highway/54.jpg,Highway,7
training/Highway/44.jpg,Highway,7
training/Highway/16.jpg,Highway,7
training/Highway/66.jpg,Highway,7
training/Highway/84.jpg,Highway,7
training/Highway/46.jpg,Highway,7
training/Highway/55.jpg,Highway,7
training/Highway/6.jpg,Highway,7
training/Highway/27.jpg,Highway,7
training/Highway/62.jpg,Highway,7
training/Highway/0.jpg,Highway,7
training/Highway/9.jpg,Highway,7
training/Highway/71.jpg,Highway,7
training/Highway/90.jpg,Highway,7
training/Highway/18.jpg,Highway,7
training/Highway/17.jpg,Highway,7
training/Highway/97.jpg,Highway,7
training/Highway/36.jpg,Highway,7
training/Highway/88.jpg,Highway,7
training/Highway/19.jpg,Highway,7
training/Highway/37.jpg,Highway,7
training/Highway/85.jpg,Highway,7
training/Highway/72.jpg,Highway,7
training/Highway/89.jpg,Highway,7
training/Highway/68.jpg,Highway,7
training/Highway/12.jpg,Highway,7
training/Highway/20.jpg,Highway,7
training/Highway/70.jpg,Highway,7
training/Highway/53.jpg,Highway,7
training/Highway/22.jpg,Highway,7
training/Highway/96.jpg,Highway,7
training/Highway/48.jpg,Highway,7
training/Highway/76.jpg,Highway,7
training/Highway/60.jpg,Highway,7
training/Highway/91.jpg,Highway,7
training/Highway/11.jpg,Highway,7
training/Highway/65.jpg,Highway,7
training/Highway/77.jpg,Highway,7
training/Highway/95.jpg,Highway,7
training/Highway/64.jpg,Highway,7
training/Highway/34.jpg,Highway,7
training/Highway/92.jpg,Highway,7
training/Highway/75.jpg,Highway,7
training/Highway/21.jpg,Highway,7
training/Highway/39.jpg,Highway,7
training/Highway/35.jpg,Highway,7
training/Highway/1.jpg,Highway,7
training/Highway/81.jpg,Highway,7
training/Highway/40.jpg,Highway,7
training/Highway/26.jpg,Highway,7
training/Highway/42.jpg,Highway,7
training/Highway/86.jpg,Highway,7
training/Highway/47.jpg,Highway,7
training/Highway/93.jpg,Highway,7
training/Highway/5.jpg,Highway,7
training/Highway/59.jpg,Highway,7
training/Highway/99.jpg,Highway,7
training/Highway/57.jpg,Highway,7
training/Highway/69.jpg,Highway,7
training/Highway/45.jpg,Highway,7
training/Highway/67.jpg,Highway,7
training/Highway/49.jpg,Highway,7
training/Highway/32.jpg,Highway,7
training/Highway/30.jpg,Highway,7
training/Highway/38.jpg,Highway,7
training/Highway/33.jpg,Highway,7
training/Forest/41.jpg,Forest,6
training/Forest/61.jpg,Forest,6
training/Forest/29.jpg,Forest,6
training/Forest/7.jpg,Forest,6
training/Forest/15.jpg,Forest,6
training/Forest/73.jpg,Forest,6
training/Forest/24.jpg,Forest,6
training/Forest/79.jpg,Forest,6
training/Forest/10.jpg,Forest,6
training/Forest/80.jpg,Forest,6
training/Forest/74.jpg,Forest,6
training/Forest/2.jpg,Forest,6
training/Forest/4.jpg,Forest,6
training/Forest/82.jpg,Forest,6
training/Forest/51.jpg,Forest,6
training/Forest/63.jpg,Forest,6
training/Forest/50.jpg,Forest,6
training/Forest/78.jpg,Forest,6
training/Forest/23.jpg,Forest,6
training/Forest/83.jpg,Forest,6
training/Forest/13.jpg,Forest,6
training/Forest/31.jpg,Forest,6
training/Forest/28.jpg,Forest,6
training/Forest/8.jpg,Forest,6
training/Forest/52.jpg,Forest,6
training/Forest/14.jpg,Forest,6
training/Forest/43.jpg,Forest,6
training/Forest/25.jpg,Forest,6
training/Forest/98.jpg,Forest,6
training/Forest/56.jpg,Forest,6
training/Forest/58.jpg,Forest,6
training/Forest/94.jpg,Forest,6
training/Forest/87.jpg,Forest,6
training/Forest/3.jpg,Forest,6
training/Forest/54.jpg,Forest,6
training/Forest/44.jpg,Forest,6
training/Forest/16.jpg,Forest,6
training/Forest/66.jpg,Forest,6
training/Forest/84.jpg,Forest,6
training/Forest/46.jpg,Forest,6
training/Forest/55.jpg,Forest,6
training/Forest/6.jpg,Forest,6
training/Forest/27.jpg,Forest,6
training/Forest/62.jpg,Forest,6
training/Forest/0.jpg,Forest,6
training/Forest/9.jpg,Forest,6
training/Forest/71.jpg,Forest,6
training/Forest/90.jpg,Forest,6
training/Forest/18.jpg,Forest,6
training/Forest/17.jpg,Forest,6
training/Forest/97.jpg,Forest,6
training/Forest/36.jpg,Forest,6
training/Forest/88.jpg,Forest,6
training/Forest/19.jpg,Forest,6
training/Forest/37.jpg,Forest,6
training/Forest/85.jpg,Forest,6
training/Forest/72.jpg,Forest,6
training/Forest/89.jpg,Forest,6
training/Forest/68.jpg,Forest,6
training/Forest/12.jpg,Forest,6
training/Forest/20.jpg,Forest,6
training/Forest/70.jpg,Forest,6
training/Forest/53.jpg,Forest,6
training/Forest/22.jpg,Forest,6
training/Forest/96.jpg,Forest,6
training/Forest/48.jpg,Forest,6
training/Forest/76.jpg,Forest,6
training/Forest/60.jpg,Forest,6
training/Forest/91.jpg,Forest,6
training/Forest/11.jpg,Forest,6
training/Forest/65.jpg,Forest,6
training/Forest/77.jpg,Forest,6
training/Forest/95.jpg,Forest,6
training/Forest/64.jpg,Forest,6
training/Forest/34.jpg,Forest,6
training/Forest/92.jpg,Forest,6
training/Forest/75.jpg,Forest,6
training/Forest/21.jpg,Forest,6
training/Forest/39.jpg,Forest,6
training/Forest/35.jpg,Forest,6
training/Forest/1.jpg,Forest,6
training/Forest/81.jpg,Forest,6
training/Forest/40.jpg,Forest,6
training/Forest/26.jpg,Forest,6
training/Forest/42.jpg,Forest,6
training/Forest/86.jpg,Forest,6
training/Forest/47.jpg,Forest,6
training/Forest/93.jpg,Forest,6
training/Forest/5.jpg,Forest,6
training/Forest/59.jpg,Forest,6
training/Forest/99.jpg,Forest,6
training/Forest/57.jpg,Forest,6
training/Forest/69.jpg,Forest,6
training/Forest/45.jpg,Forest,6
training/Forest/67.jpg,Forest,6
training/Forest/49.jpg,Forest,6
training/Forest/32.jpg,Forest,6
training/Forest/30.jpg,Forest,6
training/Forest/38.jpg,Forest,6
training/Forest/33.jpg,Forest,6
training/Mountain/41.jpg,Mountain,9
training/Mountain/61.jpg,Mountain,9
training/Mountain/29.jpg,Mountain,9
training/Mountain/7.jpg,Mountain,9
training/Mountain/15.jpg,Mountain,9
training/Mountain/73.jpg,Mountain,9
training/Mountain/24.jpg,Mountain,9
training/Mountain/79.jpg,Mountain,9
training/Mountain/10.jpg,Mountain,9
training/Mountain/80.jpg,Mountain,9
training/Mountain/74.jpg,Mountain,9
training/Mountain/2.jpg,Mountain,9
training/Mountain/4.jpg,Mountain,9
training/Mountain/82.jpg,Mountain,9
training/Mountain/51.jpg,Mountain,9
training/Mountain/63.jpg,Mountain,9
training/Mountain/50.jpg,Mountain,9
training/Mountain/78.jpg,Mountain,9
training/Mountain/23.jpg,Mountain,9
training/Mountain/83.jpg,Mountain,9
training/Mountain/13.jpg,Mountain,9
training/Mountain/31.jpg,Mountain,9
training/Mountain/28.jpg,Mountain,9
training/Mountain/8.jpg,Mountain,9
training/Mountain/52.jpg,Mountain,9
training/Mountain/14.jpg,Mountain,9
training/Mountain/43.jpg,Mountain,9
training/Mountain/25.jpg,Mountain,9
training/Mountain/98.jpg,Mountain,9
training/Mountain/56.jpg,Mountain,9
training/Mountain/58.jpg,Mountain,9
training/Mountain/94.jpg,Mountain,9
training/Mountain/87.jpg,Mountain,9
training/Mountain/3.jpg,Mountain,9
training/Mountain/54.jpg,Mountain,9
training/Mountain/44.jpg,Mountain,9
training/Mountain/16.jpg,Mountain,9
training/Mountain/66.jpg,Mountain,9
training/Mountain/84.jpg,Mountain,9
training/Mountain/46.jpg,Mountain,9
training/Mountain/55.jpg,Mountain,9
training/Mountain/6.jpg,Mountain,9
training/Mountain/27.jpg,Mountain,9
training/Mountain/62.jpg,Mountain,9
training/Mountain/0.jpg,Mountain,9
training/Mountain/9.jpg,Mountain,9
training/Mountain/71.jpg,Mountain,9
training/Mountain/90.jpg,Mountain,9
training/Mountain/18.jpg,Mountain,9
training/Mountain/17.jpg,Mountain,9
training/Mountain/97.jpg,Mountain,9
training/Mountain/36.jpg,Mountain,9
training/Mountain/88.jpg,Mountain,9
training/Mountain/19.jpg,Mountain,9
training/Mountain/37.jpg,Mountain,9
training/Mountain/85.jpg,Mountain,9
training/Mountain/72.jpg,Mountain,9
training/Mountain/89.jpg,Mountain,9
training/Mountain/68.jpg,Mountain,9
training/Mountain/12.jpg,Mountain,9
training/Mountain/20.jpg,Mountain,9
training/Mountain/70.jpg,Mountain,9
training/Mountain/53.jpg,Mountain,9
training/Mountain/22.jpg,Mountain,9
training/Mountain/96.jpg,Mountain,9
training/Mountain/48.jpg,Mountain,9
training/Mountain/76.jpg,Mountain,9
training/Mountain/60.jpg,Mountain,9
training/Mountain/91.jpg,Mountain,9
training/Mountain/11.jpg,Mountain,9
training/Mountain/65.jpg,Mountain,9
training/Mountain/77.jpg,Mountain,9
training/Mountain/95.jpg,Mountain,9
training/Mountain/64.jpg,Mountain,9
training/Mountain/34.jpg,Mountain,9
training/Mountain/92.jpg,Mountain,9
training/Mountain/75.jpg,Mountain,9
training/Mountain/21.jpg,Mountain,9
training/Mountain/39.jpg,Mountain,9
training/Mountain/35.jpg,Mountain,9
training/Mountain/1.jpg,Mountain,9
training/Mountain/81.jpg,Mountain,9
training/Mountain/40.jpg,Mountain,9
training/Mountain/26.jpg,Mountain,9
training/Mountain/42.jpg,Mountain,9
training/Mountain/86.jpg,Mountain,9
training/Mountain/47.jpg,Mountain,9
training/Mountain/93.jpg,Mountain,9
training/Mountain/5.jpg,Mountain,9
training/Mountain/59.jpg,Mountain,9
training/Mountain/99.jpg,Mountain,9
training/Mountain/57.jpg,Mountain,9
training/Mountain/69.jpg,Mountain,9
training/Mountain/45.jpg,Mountain,9
training/Mountain/67.jpg,Mountain,9
training/Mountain/49.jpg,Mountain,9
training/Mountain/32.jpg,Mountain,9
training/Mountain/30.jpg,Mountain,9
training/Mountain/38.jpg,Mountain,9
training/Mountain/33.jpg,Mountain,9
training/Insidecity/41.jpg,Insidecity,8
training/Insidecity/61.jpg,Insidecity,8
training/Insidecity/29.jpg,Insidecity,8
training/Insidecity/7.jpg,Insidecity,8
training/Insidecity/15.jpg,Insidecity,8
training/Insidecity/73.jpg,Insidecity,8
training/Insidecity/24.jpg,Insidecity,8
training/Insidecity/79.jpg,Insidecity,8
training/Insidecity/10.jpg,Insidecity,8
training/Insidecity/80.jpg,Insidecity,8
training/Insidecity/74.jpg,Insidecity,8
training/Insidecity/2.jpg,Insidecity,8
training/Insidecity/4.jpg,Insidecity,8
training/Insidecity/82.jpg,Insidecity,8
training/Insidecity/51.jpg,Insidecity,8
training/Insidecity/63.jpg,Insidecity,8
training/Insidecity/50.jpg,Insidecity,8
training/Insidecity/78.jpg,Insidecity,8
training/Insidecity/23.jpg,Insidecity,8
training/Insidecity/83.jpg,Insidecity,8
training/Insidecity/13.jpg,Insidecity,8
training/Insidecity/31.jpg,Insidecity,8
training/Insidecity/28.jpg,Insidecity,8
training/Insidecity/8.jpg,Insidecity,8
training/Insidecity/52.jpg,Insidecity,8
training/Insidecity/14.jpg,Insidecity,8
training/Insidecity/43.jpg,Insidecity,8
training/Insidecity/25.jpg,Insidecity,8
training/Insidecity/98.jpg,Insidecity,8
training/Insidecity/56.jpg,Insidecity,8
training/Insidecity/58.jpg,Insidecity,8
training/Insidecity/94.jpg,Insidecity,8
training/Insidecity/87.jpg,Insidecity,8
training/Insidecity/3.jpg,Insidecity,8
training/Insidecity/54.jpg,Insidecity,8
training/Insidecity/44.jpg,Insidecity,8
training/Insidecity/16.jpg,Insidecity,8
training/Insidecity/66.jpg,Insidecity,8
training/Insidecity/84.jpg,Insidecity,8
training/Insidecity/46.jpg,Insidecity,8
training/Insidecity/55.jpg,Insidecity,8
training/Insidecity/6.jpg,Insidecity,8
training/Insidecity/27.jpg,Insidecity,8
training/Insidecity/62.jpg,Insidecity,8
training/Insidecity/0.jpg,Insidecity,8
training/Insidecity/9.jpg,Insidecity,8
training/Insidecity/71.jpg,Insidecity,8
training/Insidecity/90.jpg,Insidecity,8
training/Insidecity/18.jpg,Insidecity,8
training/Insidecity/17.jpg,Insidecity,8
training/Insidecity/97.jpg,Insidecity,8
training/Insidecity/36.jpg,Insidecity,8
training/Insidecity/88.jpg,Insidecity,8
training/Insidecity/19.jpg,Insidecity,8
training/Insidecity/37.jpg,Insidecity,8
training/Insidecity/85.jpg,Insidecity,8
training/Insidecity/72.jpg,Insidecity,8
training/Insidecity/89.jpg,Insidecity,8
training/Insidecity/68.jpg,Insidecity,8
training/Insidecity/12.jpg,Insidecity,8
training/Insidecity/20.jpg,Insidecity,8
training/Insidecity/70.jpg,Insidecity,8
training/Insidecity/53.jpg,Insidecity,8
training/Insidecity/22.jpg,Insidecity,8
training/Insidecity/96.jpg,Insidecity,8
training/Insidecity/48.jpg,Insidecity,8
training/Insidecity/76.jpg,Insidecity,8
training/Insidecity/60.jpg,Insidecity,8
training/Insidecity/91.jpg,Insidecity,8
training/Insidecity/11.jpg,Insidecity,8
training/Insidecity/65.jpg,Insidecity,8
training/Insidecity/77.jpg,Insidecity,8
training/Insidecity/95.jpg,Insidecity,8
training/Insidecity/64.jpg,Insidecity,8
training/Insidecity/34.jpg,Insidecity,8
training/Insidecity/92.jpg,Insidecity,8
training/Insidecity/75.jpg,Insidecity,8
training/Insidecity/21.jpg,Insidecity,8
training/Insidecity/39.jpg,Insidecity,8
training/Insidecity/35.jpg,Insidecity,8
training/Insidecity/1.jpg,Insidecity,8
training/Insidecity/81.jpg,Insidecity,8
training/Insidecity/40.jpg,Insidecity,8
training/Insidecity/26.jpg,Insidecity,8
training/Insidecity/42.jpg,Insidecity,8
training/Insidecity/86.jpg,Insidecity,8
training/Insidecity/47.jpg,Insidecity,8
training/Insidecity/93.jpg,Insidecity,8
training/Insidecity/5.jpg,Insidecity,8
training/Insidecity/59.jpg,Insidecity,8
training/Insidecity/99.jpg,Insidecity,8
training/Insidecity/57.jpg,Insidecity,8
training/Insidecity/69.jpg,Insidecity,8
training/Insidecity/45.jpg,Insidecity,8
training/Insidecity/67.jpg,Insidecity,8
training/Insidecity/49.jpg,Insidecity,8
training/Insidecity/32.jpg,Insidecity,8
training/Insidecity/30.jpg,Insidecity,8
training/Insidecity/38.jpg,Insidecity,8
training/Insidecity/33.jpg,Insidecity,8
training/store/41.jpg,store,14
training/store/61.jpg,store,14
training/store/29.jpg,store,14
training/store/7.jpg,store,14
training/store/15.jpg,store,14
training/store/73.jpg,store,14
training/store/24.jpg,store,14
training/store/79.jpg,store,14
training/store/10.jpg,store,14
training/store/80.jpg,store,14
training/store/74.jpg,store,14
training/store/2.jpg,store,14
training/store/4.jpg,store,14
training/store/82.jpg,store,14
training/store/51.jpg,store,14
training/store/63.jpg,store,14
training/store/50.jpg,store,14
training/store/78.jpg,store,14
training/store/23.jpg,store,14
training/store/83.jpg,store,14
training/store/13.jpg,store,14
training/store/31.jpg,store,14
training/store/28.jpg,store,14
training/store/8.jpg,store,14
training/store/52.jpg,store,14
training/store/14.jpg,store,14
training/store/43.jpg,store,14
training/store/25.jpg,store,14
training/store/98.jpg,store,14
training/store/56.jpg,store,14
training/store/58.jpg,store,14
training/store/94.jpg,store,14
training/store/87.jpg,store,14
training/store/3.jpg,store,14
training/store/54.jpg,store,14
training/store/44.jpg,store,14
training/store/16.jpg,store,14
training/store/66.jpg,store,14
training/store/84.jpg,store,14
training/store/46.jpg,store,14
training/store/55.jpg,store,14
training/store/6.jpg,store,14
training/store/27.jpg,store,14
training/store/62.jpg,store,14
training/store/0.jpg,store,14
training/store/9.jpg,store,14
training/store/71.jpg,store,14
training/store/90.jpg,store,14
training/store/18.jpg,store,14
training/store/17.jpg,store,14
training/store/97.jpg,store,14
training/store/36.jpg,store,14
training/store/88.jpg,store,14
training/store/19.jpg,store,14
training/store/37.jpg,store,14
training/store/85.jpg,store,14
training/store/72.jpg,store,14
training/store/89.jpg,store,14
training/store/68.jpg,store,14
training/store/12.jpg,store,14
training/store/20.jpg,store,14
training/store/70.jpg,store,14
training/store/53.jpg,store,14
training/store/22.jpg,store,14
training/store/96.jpg,store,14
training/store/48.jpg,store,14
training/store/76.jpg,store,14
training/store/60.jpg,store,14
training/store/91.jpg,store,14
training/store/11.jpg,store,14
training/store/65.jpg,store,14
training/store/77.jpg,store,14
training/store/95.jpg,store,14
training/store/64.jpg,store,14
training/store/34.jpg,store,14
training/store/92.jpg,store,14
training/store/75.jpg,store,14
training/store/21.jpg,store,14
training/store/39.jpg,store,14
training/store/35.jpg,store,14
training/store/1.jpg,store,14
training/store/81.jpg,store,14
training/store/40.jpg,store,14
training/store/26.jpg,store,14
training/store/42.jpg,store,14
training/store/86.jpg,store,14
training/store/47.jpg,store,14
training/store/93.jpg,store,14
training/store/5.jpg,store,14
training/store/59.jpg,store,14
training/store/99.jpg,store,14
training/store/57.jpg,store,14
training/store/69.jpg,store,14
training/store/45.jpg,store,14
training/store/67.jpg,store,14
training/store/49.jpg,store,14
training/store/32.jpg,store,14
training/store/30.jpg,store,14
training/store/38.jpg,store,14
training/store/33.jpg,store,14
training/kitchen/41.jpg,kitchen,3
training/kitchen/61.jpg,kitchen,3
training/kitchen/29.jpg,kitchen,3
training/kitchen/7.jpg,kitchen,3
training/kitchen/15.jpg,kitchen,3
training/kitchen/73.jpg,kitchen,3
training/kitchen/24.jpg,kitchen,3
training/kitchen/79.jpg,kitchen,3
training/kitchen/10.jpg,kitchen,3
training/kitchen/80.jpg,kitchen,3
training/kitchen/74.jpg,kitchen,3
training/kitchen/2.jpg,kitchen,3
training/kitchen/4.jpg,kitchen,3
training/kitchen/82.jpg,kitchen,3
training/kitchen/51.jpg,kitchen,3
training/kitchen/63.jpg,kitchen,3
training/kitchen/50.jpg,kitchen,3
training/kitchen/78.jpg,kitchen,3
training/kitchen/23.jpg,kitchen,3
training/kitchen/83.jpg,kitchen,3
training/kitchen/13.jpg,kitchen,3
training/kitchen/31.jpg,kitchen,3
training/kitchen/28.jpg,kitchen,3
training/kitchen/8.jpg,kitchen,3
training/kitchen/52.jpg,kitchen,3
training/kitchen/14.jpg,kitchen,3
training/kitchen/43.jpg,kitchen,3
training/kitchen/25.jpg,kitchen,3
training/kitchen/98.jpg,kitchen,3
training/kitchen/56.jpg,kitchen,3
training/kitchen/58.jpg,kitchen,3
training/kitchen/94.jpg,kitchen,3
training/kitchen/87.jpg,kitchen,3
training/kitchen/3.jpg,kitchen,3
training/kitchen/54.jpg,kitchen,3
training/kitchen/44.jpg,kitchen,3
training/kitchen/16.jpg,kitchen,3
training/kitchen/66.jpg,kitchen,3
training/kitchen/84.jpg,kitchen,3
training/kitchen/46.jpg,kitchen,3
training/kitchen/55.jpg,kitchen,3
training/kitchen/6.jpg,kitchen,3
training/kitchen/27.jpg,kitchen,3
training/kitchen/62.jpg,kitchen,3
training/kitchen/0.jpg,kitchen,3
training/kitchen/9.jpg,kitchen,3
training/kitchen/71.jpg,kitchen,3
training/kitchen/90.jpg,kitchen,3
training/kitchen/18.jpg,kitchen,3
training/kitchen/17.jpg,kitchen,3
training/kitchen/97.jpg,kitchen,3
training/kitchen/36.jpg,kitchen,3
training/kitchen/88.jpg,kitchen,3
training/kitchen/19.jpg,kitchen,3
training/kitchen/37.jpg,kitchen,3
training/kitchen/85.jpg,kitchen,3
training/kitchen/72.jpg,kitchen,3
training/kitchen/89.jpg,kitchen,3
training/kitchen/68.jpg,kitchen,3
training/kitchen/12.jpg,kitchen,3
training/kitchen/20.jpg,kitchen,3
training/kitchen/70.jpg,kitchen,3
training/kitchen/53.jpg,kitchen,3
training/kitchen/22.jpg,kitchen,3
training/kitchen/96.jpg,kitchen,3
training/kitchen/48.jpg,kitchen,3
training/kitchen/76.jpg,kitchen,3
training/kitchen/60.jpg,kitchen,3
training/kitchen/91.jpg,kitchen,3
training/kitchen/11.jpg,kitchen,3
training/kitchen/65.jpg,kitchen,3
training/kitchen/77.jpg,kitchen,3
training/kitchen/95.jpg,kitchen,3
training/kitchen/64.jpg,kitchen,3
training/kitchen/34.jpg,kitchen,3
training/kitchen/92.jpg,kitchen,3
training/kitchen/75.jpg,kitchen,3
training/kitchen/21.jpg,kitchen,3
training/kitchen/39.jpg,kitchen,3
training/kitchen/35.jpg,kitchen,3
training/kitchen/1.jpg,kitchen,3
training/kitchen/81.jpg,kitchen,3
training/kitchen/40.jpg,kitchen,3
training/kitchen/26.jpg,kitchen,3
training/kitchen/42.jpg,kitchen,3
training/kitchen/86.jpg,kitchen,3
training/kitchen/47.jpg,kitchen,3
training/kitchen/93.jpg,kitchen,3
training/kitchen/5.jpg,kitchen,3
training/kitchen/59.jpg,kitchen,3
training/kitchen/99.jpg,kitchen,3
training/kitchen/57.jpg,kitchen,3
training/kitchen/69.jpg,kitchen,3
training/kitchen/45.jpg,kitchen,3
training/kitchen/67.jpg,kitchen,3
training/kitchen/49.jpg,kitchen,3
training/kitchen/32.jpg,kitchen,3
training/kitchen/30.jpg,kitchen,3
training/kitchen/38.jpg,kitchen,3
training/kitchen/33.jpg,kitchen,3
training/bedroom/41.jpg,bedroom,0
training/bedroom/61.jpg,bedroom,0
training/bedroom/29.jpg,bedroom,0
training/bedroom/7.jpg,bedroom,0
training/bedroom/15.jpg,bedroom,0
training/bedroom/73.jpg,bedroom,0
training/bedroom/24.jpg,bedroom,0
training/bedroom/79.jpg,bedroom,0
training/bedroom/10.jpg,bedroom,0
training/bedroom/80.jpg,bedroom,0
training/bedroom/74.jpg,bedroom,0
training/bedroom/2.jpg,bedroom,0
training/bedroom/4.jpg,bedroom,0
training/bedroom/82.jpg,bedroom,0
training/bedroom/51.jpg,bedroom,0
training/bedroom/63.jpg,bedroom,0
training/bedroom/50.jpg,bedroom,0
training/bedroom/78.jpg,bedroom,0
training/bedroom/23.jpg,bedroom,0
training/bedroom/83.jpg,bedroom,0
training/bedroom/13.jpg,bedroom,0
training/bedroom/31.jpg,bedroom,0
training/bedroom/28.jpg,bedroom,0
training/bedroom/8.jpg,bedroom,0
training/bedroom/52.jpg,bedroom,0
training/bedroom/14.jpg,bedroom,0
training/bedroom/43.jpg,bedroom,0
training/bedroom/25.jpg,bedroom,0
training/bedroom/98.jpg,bedroom,0
training/bedroom/56.jpg,bedroom,0
training/bedroom/58.jpg,bedroom,0
training/bedroom/94.jpg,bedroom,0
training/bedroom/87.jpg,bedroom,0
training/bedroom/3.jpg,bedroom,0
training/bedroom/54.jpg,bedroom,0
training/bedroom/44.jpg,bedroom,0
training/bedroom/16.jpg,bedroom,0
training/bedroom/66.jpg,bedroom,0
training/bedroom/84.jpg,bedroom,0
training/bedroom/46.jpg,bedroom,0
training/bedroom/55.jpg,bedroom,0
training/bedroom/6.jpg,bedroom,0
training/bedroom/27.jpg,bedroom,0
training/bedroom/62.jpg,bedroom,0
training/bedroom/0.jpg,bedroom,0
training/bedroom/9.jpg,bedroom,0
training/bedroom/71.jpg,bedroom,0
training/bedroom/90.jpg,bedroom,0
training/bedroom/18.jpg,bedroom,0
training/bedroom/17.jpg,bedroom,0
training/bedroom/97.jpg,bedroom,0
training/bedroom/36.jpg,bedroom,0
training/bedroom/88.jpg,bedroom,0
training/bedroom/19.jpg,bedroom,0
training/bedroom/37.jpg,bedroom,0
training/bedroom/85.jpg,bedroom,0
training/bedroom/72.jpg,bedroom,0
training/bedroom/89.jpg,bedroom,0
training/bedroom/68.jpg,bedroom,0
training/bedroom/12.jpg,bedroom,0
training/bedroom/20.jpg,bedroom,0
training/bedroom/70.jpg,bedroom,0
training/bedroom/53.jpg,bedroom,0
training/bedroom/22.jpg,bedroom,0
training/bedroom/96.jpg,bedroom,0
training/bedroom/48.jpg,bedroom,0
training/bedroom/76.jpg,bedroom,0
training/bedroom/60.jpg,bedroom,0
training/bedroom/91.jpg,bedroom,0
training/bedroom/11.jpg,bedroom,0
training/bedroom/65.jpg,bedroom,0
training/bedroom/77.jpg,bedroom,0
training/bedroom/95.jpg,bedroom,0
training/bedroom/64.jpg,bedroom,0
training/bedroom/34.jpg,bedroom,0
training/bedroom/92.jpg,bedroom,0
training/bedroom/75.jpg,bedroom,0
training/bedroom/21.jpg,bedroom,0
training/bedroom/39.jpg,bedroom,0
training/bedroom/35.jpg,bedroom,0
training/bedroom/1.jpg,bedroom,0
training/bedroom/81.jpg,bedroom,0
training/bedroom/40.jpg,bedroom,0
training/bedroom/26.jpg,bedroom,0
training/bedroom/42.jpg,bedroom,0
training/bedroom/86.jpg,bedroom,0
training/bedroom/47.jpg,bedroom,0
training/bedroom/93.jpg,bedroom,0
training/bedroom/5.jpg,bedroom,0
training/bedroom/59.jpg,bedroom,0
training/bedroom/99.jpg,bedroom,0
training/bedroom/57.jpg,bedroom,0
training/bedroom/69.jpg,bedroom,0
training/bedroom/45.jpg,bedroom,0
training/bedroom/67.jpg,bedroom,0
training/bedroom/49.jpg,bedroom,0
training/bedroom/32.jpg,bedroom,0
training/bedroom/30.jpg,bedroom,0
training/bedroom/38.jpg,bedroom,0
training/bedroom/33.jpg,bedroom,0
training/livingroom/41.jpg,livingroom,4
training/livingroom/61.jpg,livingroom,4
training/livingroom/29.jpg,livingroom,4
training/livingroom/7.jpg,livingroom,4
training/livingroom/15.jpg,livingroom,4
training/livingroom/73.jpg,livingroom,4
training/livingroom/24.jpg,livingroom,4
training/livingroom/79.jpg,livingroom,4
training/livingroom/10.jpg,livingroom,4
training/livingroom/80.jpg,livingroom,4
training/livingroom/74.jpg,livingroom,4
training/livingroom/2.jpg,livingroom,4
training/livingroom/4.jpg,livingroom,4
training/livingroom/82.jpg,livingroom,4
training/livingroom/51.jpg,livingroom,4
training/livingroom/63.jpg,livingroom,4
training/livingroom/50.jpg,livingroom,4
training/livingroom/78.jpg,livingroom,4
training/livingroom/23.jpg,livingroom,4
training/livingroom/83.jpg,livingroom,4
training/livingroom/13.jpg,livingroom,4
training/livingroom/31.jpg,livingroom,4
training/livingroom/28.jpg,livingroom,4
training/livingroom/8.jpg,livingroom,4
training/livingroom/52.jpg,livingroom,4
training/livingroom/14.jpg,livingroom,4
training/livingroom/43.jpg,livingroom,4
training/livingroom/25.jpg,livingroom,4
training/livingroom/98.jpg,livingroom,4
training/livingroom/56.jpg,livingroom,4
training/livingroom/58.jpg,livingroom,4
training/livingroom/94.jpg,livingroom,4
training/livingroom/87.jpg,livingroom,4
training/livingroom/3.jpg,livingroom,4
training/livingroom/54.jpg,livingroom,4
training/livingroom/44.jpg,livingroom,4
training/livingroom/16.jpg,livingroom,4
training/livingroom/66.jpg,livingroom,4
training/livingroom/84.jpg,livingroom,4
training/livingroom/46.jpg,livingroom,4
training/livingroom/55.jpg,livingroom,4
training/livingroom/6.jpg,livingroom,4
training/livingroom/27.jpg,livingroom,4
training/livingroom/62.jpg,livingroom,4
training/livingroom/0.jpg,livingroom,4
training/livingroom/9.jpg,livingroom,4
training/livingroom/71.jpg,livingroom,4
training/livingroom/90.jpg,livingroom,4
training/livingroom/18.jpg,livingroom,4
training/livingroom/17.jpg,livingroom,4
training/livingroom/97.jpg,livingroom,4
training/livingroom/36.jpg,livingroom,4
training/livingroom/88.jpg,livingroom,4
training/livingroom/19.jpg,livingroom,4
training/livingroom/37.jpg,livingroom,4
training/livingroom/85.jpg,livingroom,4
training/livingroom/72.jpg,livingroom,4
training/livingroom/89.jpg,livingroom,4
training/livingroom/68.jpg,livingroom,4
training/livingroom/12.jpg,livingroom,4
training/livingroom/20.jpg,livingroom,4
training/livingroom/70.jpg,livingroom,4
training/livingroom/53.jpg,livingroom,4
training/livingroom/22.jpg,livingroom,4
training/livingroom/96.jpg,livingroom,4
training/livingroom/48.jpg,livingroom,4
training/livingroom/76.jpg,livingroom,4
training/livingroom/60.jpg,livingroom,4
training/livingroom/91.jpg,livingroom,4
training/livingroom/11.jpg,livingroom,4
training/livingroom/65.jpg,livingroom,4
training/livingroom/77.jpg,livingroom,4
training/livingroom/95.jpg,livingroom,4
training/livingroom/64.jpg,livingroom,4
training/livingroom/34.jpg,livingroom,4
training/livingroom/92.jpg,livingroom,4
training/livingroom/75.jpg,livingroom,4
training/livingroom/21.jpg,livingroom,4
training/livingroom/39.jpg,livingroom,4
training/livingroom/35.jpg,livingroom,4
training/livingroom/1.jpg,livingroom,4
training/livingroom/81.jpg,livingroom,4
training/livingroom/40.jpg,livingroom,4
training/livingroom/26.jpg,livingroom,4
training/livingroom/42.jpg,livingroom,4
training/livingroom/86.jpg,livingroom,4
training/livingroom/47.jpg,livingroom,4
training/livingroom/93.jpg,livingroom,4
training/livingroom/5.jpg,livingroom,4
training/livingroom/59.jpg,livingroom,4
training/livingroom/99.jpg,livingroom,4
training/livingroom/57.jpg,livingroom,4
training/livingroom/69.jpg,livingroom,4
training/livingroom/45.jpg,livingroom,4
training/livingroom/67.jpg,livingroom,4
training/livingroom/49.jpg,livingroom,4
training/livingroom/32.jpg,livingroom,4
training/livingroom/30.jpg,livingroom,4
training/livingroom/38.jpg,livingroom,4
training/livingroom/33.jpg,livingroom,4
training/Coast/41.jpg,Coast,5
training/Coast/61.jpg,Coast,5
training/Coast/29.jpg,Coast,5
training/Coast/7.jpg,Coast,5
training/Coast/15.jpg,Coast,5
training/Coast/73.jpg,Coast,5
training/Coast/24.jpg,Coast,5
training/Coast/79.jpg,Coast,5
training/Coast/10.jpg,Coast,5
training/Coast/80.jpg,Coast,5
training/Coast/74.jpg,Coast,5
training/Coast/2.jpg,Coast,5
training/Coast/4.jpg,Coast,5
training/Coast/82.jpg,Coast,5
training/Coast/51.jpg,Coast,5
training/Coast/63.jpg,Coast,5
training/Coast/50.jpg,Coast,5
training/Coast/78.jpg,Coast,5
training/Coast/23.jpg,Coast,5
training/Coast/83.jpg,Coast,5
training/Coast/13.jpg,Coast,5
training/Coast/31.jpg,Coast,5
training/Coast/28.jpg,Coast,5
training/Coast/8.jpg,Coast,5
training/Coast/52.jpg,Coast,5
training/Coast/14.jpg,Coast,5
training/Coast/43.jpg,Coast,5
training/Coast/25.jpg,Coast,5
training/Coast/98.jpg,Coast,5
training/Coast/56.jpg,Coast,5
training/Coast/58.jpg,Coast,5
training/Coast/94.jpg,Coast,5
training/Coast/87.jpg,Coast,5
training/Coast/3.jpg,Coast,5
training/Coast/54.jpg,Coast,5
training/Coast/44.jpg,Coast,5
training/Coast/16.jpg,Coast,5
training/Coast/66.jpg,Coast,5
training/Coast/84.jpg,Coast,5
training/Coast/46.jpg,Coast,5
training/Coast/55.jpg,Coast,5
training/Coast/6.jpg,Coast,5
training/Coast/27.jpg,Coast,5
training/Coast/62.jpg,Coast,5
training/Coast/0.jpg,Coast,5
training/Coast/9.jpg,Coast,5
training/Coast/71.jpg,Coast,5
training/Coast/90.jpg,Coast,5
training/Coast/18.jpg,Coast,5
training/Coast/17.jpg,Coast,5
training/Coast/97.jpg,Coast,5
training/Coast/36.jpg,Coast,5
training/Coast/88.jpg,Coast,5
training/Coast/19.jpg,Coast,5
training/Coast/37.jpg,Coast,5
training/Coast/85.jpg,Coast,5
training/Coast/72.jpg,Coast,5
training/Coast/89.jpg,Coast,5
training/Coast/68.jpg,Coast,5
training/Coast/12.jpg,Coast,5
training/Coast/20.jpg,Coast,5
training/Coast/70.jpg,Coast,5
training/Coast/53.jpg,Coast,5
training/Coast/22.jpg,Coast,5
training/Coast/96.jpg,Coast,5
training/Coast/48.jpg,Coast,5
training/Coast/76.jpg,Coast,5
training/Coast/60.jpg,Coast,5
training/Coast/91.jpg,Coast,5
training/Coast/11.jpg,Coast,5
training/Coast/65.jpg,Coast,5
training/Coast/77.jpg,Coast,5
training/Coast/95.jpg,Coast,5
training/Coast/64.jpg,Coast,5
training/Coast/34.jpg,Coast,5
training/Coast/92.jpg,Coast,5
training/Coast/75.jpg,Coast,5
training/Coast/21.jpg,Coast,5
training/Coast/39.jpg,Coast,5
training/Coast/35.jpg,Coast,5
training/Coast/1.jpg,Coast,5
training/Coast/81.jpg,Coast,5
training/Coast/40.jpg,Coast,5
training/Coast/26.jpg,Coast,5
training/Coast/42.jpg,Coast,5
training/Coast/86.jpg,Coast,5
training/Coast/47.jpg,Coast,5
training/Coast/93.jpg,Coast,5
training/Coast/5.jpg,Coast,5
training/Coast/59.jpg,Coast,5
training/Coast/99.jpg,Coast,5
training/Coast/57.jpg,Coast,5
training/Coast/69.jpg,Coast,5
training/Coast/45.jpg,Coast,5
training/Coast/67.jpg,Coast,5
training/Coast/49.jpg,Coast,5
training/Coast/32.jpg,Coast,5
training/Coast/30.jpg,Coast,5
training/Coast/38.jpg,Coast,5
training/Coast/33.jpg,Coast,5
training/Suburb/41.jpg,Suburb,1
training/Suburb/61.jpg,Suburb,1
training/Suburb/29.jpg,Suburb,1
training/Suburb/7.jpg,Suburb,1
training/Suburb/15.jpg,Suburb,1
training/Suburb/73.jpg,Suburb,1
training/Suburb/24.jpg,Suburb,1
training/Suburb/79.jpg,Suburb,1
training/Suburb/10.jpg,Suburb,1
training/Suburb/80.jpg,Suburb,1
training/Suburb/74.jpg,Suburb,1
training/Suburb/2.jpg,Suburb,1
training/Suburb/4.jpg,Suburb,1
training/Suburb/82.jpg,Suburb,1
training/Suburb/51.jpg,Suburb,1
training/Suburb/63.jpg,Suburb,1
training/Suburb/50.jpg,Suburb,1
training/Suburb/78.jpg,Suburb,1
training/Suburb/23.jpg,Suburb,1
training/Suburb/83.jpg,Suburb,1
training/Suburb/13.jpg,Suburb,1
training/Suburb/31.jpg,Suburb,1
training/Suburb/28.jpg,Suburb,1
training/Suburb/8.jpg,Suburb,1
training/Suburb/52.jpg,Suburb,1
training/Suburb/14.jpg,Suburb,1
training/Suburb/43.jpg,Suburb,1
training/Suburb/25.jpg,Suburb,1
training/Suburb/98.jpg,Suburb,1
training/Suburb/56.jpg,Suburb,1
training/Suburb/58.jpg,Suburb,1
training/Suburb/94.jpg,Suburb,1
training/Suburb/87.jpg,Suburb,1
training/Suburb/3.jpg,Suburb,1
training/Suburb/54.jpg,Suburb,1
training/Suburb/44.jpg,Suburb,1
training/Suburb/16.jpg,Suburb,1
training/Suburb/66.jpg,Suburb,1
training/Suburb/84.jpg,Suburb,1
training/Suburb/46.jpg,Suburb,1
training/Suburb/55.jpg,Suburb,1
training/Suburb/6.jpg,Suburb,1
training/Suburb/27.jpg,Suburb,1
training/Suburb/62.jpg,Suburb,1
training/Suburb/0.jpg,Suburb,1
training/Suburb/9.jpg,Suburb,1
training/Suburb/71.jpg,Suburb,1
training/Suburb/90.jpg,Suburb,1
training/Suburb/18.jpg,Suburb,1
training/Suburb/17.jpg,Suburb,1
training/Suburb/97.jpg,Suburb,1
training/Suburb/36.jpg,Suburb,1
training/Suburb/88.jpg,Suburb,1
training/Suburb/19.jpg,Suburb,1
training/Suburb/37.jpg,Suburb,1
training/Suburb/85.jpg,Suburb,1
training/Suburb/72.jpg,Suburb,1
training/Suburb/89.jpg,Suburb,1
training/Suburb/68.jpg,Suburb,1
training/Suburb/12.jpg,Suburb,1
training/Suburb/20.jpg,Suburb,1
training/Suburb/70.jpg,Suburb,1
training/Suburb/53.jpg,Suburb,1
training/Suburb/22.jpg,Suburb,1
training/Suburb/96.jpg,Suburb,1
training/Suburb/48.jpg,Suburb,1
training/Suburb/76.jpg,Suburb,1
training/Suburb/60.jpg,Suburb,1
training/Suburb/91.jpg,Suburb,1
training/Suburb/11.jpg,Suburb,1
training/Suburb/65.jpg,Suburb,1
training/Suburb/77.jpg,Suburb,1
training/Suburb/95.jpg,Suburb,1
training/Suburb/64.jpg,Suburb,1
training/Suburb/34.jpg,Suburb,1
training/Suburb/92.jpg,Suburb,1
training/Suburb/75.jpg,Suburb,1
training/Suburb/21.jpg,Suburb,1
training/Suburb/39.jpg,Suburb,1
training/Suburb/35.jpg,Suburb,1
training/Suburb/1.jpg,Suburb,1
training/Suburb/81.jpg,Suburb,1
training/Suburb/40.jpg,Suburb,1
training/Suburb/26.jpg,Suburb,1
training/Suburb/42.jpg,Suburb,1
training/Suburb/86.jpg,Suburb,1
training/Suburb/47.jpg,Suburb,1
training/Suburb/93.jpg,Suburb,1
training/Suburb/5.jpg,Suburb,1
training/Suburb/59.jpg,Suburb,1
training/Suburb/99.jpg,Suburb,1
training/Suburb/57.jpg,Suburb,1
training/Suburb/69.jpg,Suburb,1
training/Suburb/45.jpg,Suburb,1
training/Suburb/67.jpg,Suburb,1
training/Suburb/49.jpg,Suburb,1
training/Suburb/32.jpg,Suburb,1
training/Suburb/30.jpg,Suburb,1
training/Suburb/38.jpg,Suburb,1
training/Suburb/33.jpg,Suburb,1
training/TallBuilding/41.jpg,TallBuilding,12
training/TallBuilding/61.jpg,TallBuilding,12
training/TallBuilding/29.jpg,TallBuilding,12
training/TallBuilding/7.jpg,TallBuilding,12
training/TallBuilding/15.jpg,TallBuilding,12
training/TallBuilding/73.jpg,TallBuilding,12
training/TallBuilding/24.jpg,TallBuilding,12
training/TallBuilding/79.jpg,TallBuilding,12
training/TallBuilding/10.jpg,TallBuilding,12
training/TallBuilding/80.jpg,TallBuilding,12
training/TallBuilding/74.jpg,TallBuilding,12
training/TallBuilding/2.jpg,TallBuilding,12
training/TallBuilding/4.jpg,TallBuilding,12
training/TallBuilding/82.jpg,TallBuilding,12
training/TallBuilding/51.jpg,TallBuilding,12
training/TallBuilding/63.jpg,TallBuilding,12
training/TallBuilding/50.jpg,TallBuilding,12
training/TallBuilding/78.jpg,TallBuilding,12
training/TallBuilding/23.jpg,TallBuilding,12
training/TallBuilding/83.jpg,TallBuilding,12
training/TallBuilding/13.jpg,TallBuilding,12
training/TallBuilding/31.jpg,TallBuilding,12
training/TallBuilding/28.jpg,TallBuilding,12
training/TallBuilding/8.jpg,TallBuilding,12
training/TallBuilding/52.jpg,TallBuilding,12
training/TallBuilding/14.jpg,TallBuilding,12
training/TallBuilding/43.jpg,TallBuilding,12
training/TallBuilding/25.jpg,TallBuilding,12
training/TallBuilding/98.jpg,TallBuilding,12
training/TallBuilding/56.jpg,TallBuilding,12
training/TallBuilding/58.jpg,TallBuilding,12
training/TallBuilding/94.jpg,TallBuilding,12
training/TallBuilding/87.jpg,TallBuilding,12
training/TallBuilding/3.jpg,TallBuilding,12
training/TallBuilding/54.jpg,TallBuilding,12
training/TallBuilding/44.jpg,TallBuilding,12
training/TallBuilding/16.jpg,TallBuilding,12
training/TallBuilding/66.jpg,TallBuilding,12
training/TallBuilding/84.jpg,TallBuilding,12
training/TallBuilding/46.jpg,TallBuilding,12
training/TallBuilding/55.jpg,TallBuilding,12
training/TallBuilding/6.jpg,TallBuilding,12
training/TallBuilding/27.jpg,TallBuilding,12
training/TallBuilding/62.jpg,TallBuilding,12
training/TallBuilding/0.jpg,TallBuilding,12
training/TallBuilding/9.jpg,TallBuilding,12
training/TallBuilding/71.jpg,TallBuilding,12
training/TallBuilding/90.jpg,TallBuilding,12
training/TallBuilding/18.jpg,TallBuilding,12
training/TallBuilding/17.jpg,TallBuilding,12
training/TallBuilding/97.jpg,TallBuilding,12
training/TallBuilding/36.jpg,TallBuilding,12
training/TallBuilding/88.jpg,TallBuilding,12
training/TallBuilding/19.jpg,TallBuilding,12
training/TallBuilding/37.jpg,TallBuilding,12
training/TallBuilding/85.jpg,TallBuilding,12
training/TallBuilding/72.jpg,TallBuilding,12
training/TallBuilding/89.jpg,TallBuilding,12
training/TallBuilding/68.jpg,TallBuilding,12
training/TallBuilding/12.jpg,TallBuilding,12
training/TallBuilding/20.jpg,TallBuilding,12
training/TallBuilding/70.jpg,TallBuilding,12
training/TallBuilding/53.jpg,TallBuilding,12
training/TallBuilding/22.jpg,TallBuilding,12
training/TallBuilding/96.jpg,TallBuilding,12
training/TallBuilding/48.jpg,TallBuilding,12
training/TallBuilding/76.jpg,TallBuilding,12
training/TallBuilding/60.jpg,TallBuilding,12
training/TallBuilding/91.jpg,TallBuilding,12
training/TallBuilding/11.jpg,TallBuilding,12
training/TallBuilding/65.jpg,TallBuilding,12
training/TallBuilding/77.jpg,TallBuilding,12
training/TallBuilding/95.jpg,TallBuilding,12
training/TallBuilding/64.jpg,TallBuilding,12
training/TallBuilding/34.jpg,TallBuilding,12
training/TallBuilding/92.jpg,TallBuilding,12
training/TallBuilding/75.jpg,TallBuilding,12
training/TallBuilding/21.jpg,TallBuilding,12
training/TallBuilding/39.jpg,TallBuilding,12
training/TallBuilding/35.jpg,TallBuilding,12
training/TallBuilding/1.jpg,TallBuilding,12
training/TallBuilding/81.jpg,TallBuilding,12
training/TallBuilding/40.jpg,TallBuilding,12
training/TallBuilding/26.jpg,TallBuilding,12
training/TallBuilding/42.jpg,TallBuilding,12
training/TallBuilding/86.jpg,TallBuilding,12
training/TallBuilding/47.jpg,TallBuilding,12
training/TallBuilding/93.jpg,TallBuilding,12
training/TallBuilding/5.jpg,TallBuilding,12
training/TallBuilding/59.jpg,TallBuilding,12
training/TallBuilding/99.jpg,TallBuilding,12
training/TallBuilding/57.jpg,TallBuilding,12
training/TallBuilding/69.jpg,TallBuilding,12
training/TallBuilding/45.jpg,TallBuilding,12
training/TallBuilding/67.jpg,TallBuilding,12
training/TallBuilding/49.jpg,TallBuilding,12
training/TallBuilding/32.jpg,TallBuilding,12
training/TallBuilding/30.jpg,TallBuilding,12
training/TallBuilding/38.jpg,TallBuilding,12
training/TallBuilding/33.jpg,TallBuilding,12
training/Office/41.jpg,Office,13
training/Office/61.jpg,Office,13
training/Office/29.jpg,Office,13
training/Office/7.jpg,Office,13
training/Office/15.jpg,Office,13
training/Office/73.jpg,Office,13
training/Office/24.jpg,Office,13
training/Office/79.jpg,Office,13
training/Office/10.jpg,Office,13
training/Office/80.jpg,Office,13
training/Office/74.jpg,Office,13
training/Office/2.jpg,Office,13
training/Office/4.jpg,Office,13
training/Office/82.jpg,Office,13
training/Office/51.jpg,Office,13
training/Office/63.jpg,Office,13
training/Office/50.jpg,Office,13
training/Office/78.jpg,Office,13
training/Office/23.jpg,Office,13
training/Office/83.jpg,Office,13
training/Office/13.jpg,Office,13
training/Office/31.jpg,Office,13
training/Office/28.jpg,Office,13
training/Office/8.jpg,Office,13
training/Office/52.jpg,Office,13
training/Office/14.jpg,Office,13
training/Office/43.jpg,Office,13
training/Office/25.jpg,Office,13
training/Office/98.jpg,Office,13
training/Office/56.jpg,Office,13
training/Office/58.jpg,Office,13
training/Office/94.jpg,Office,13
training/Office/87.jpg,Office,13
training/Office/3.jpg,Office,13
training/Office/54.jpg,Office,13
training/Office/44.jpg,Office,13
training/Office/16.jpg,Office,13
training/Office/66.jpg,Office,13
training/Office/84.jpg,Office,13
training/Office/46.jpg,Office,13
training/Office/55.jpg,Office,13
training/Office/6.jpg,Office,13
training/Office/27.jpg,Office,13
training/Office/62.jpg,Office,13
training/Office/0.jpg,Office,13
training/Office/9.jpg,Office,13
training/Office/71.jpg,Office,13
training/Office/90.jpg,Office,13
training/Office/18.jpg,Office,13
training/Office/17.jpg,Office,13
training/Office/97.jpg,Office,13
training/Office/36.jpg,Office,13
training/Office/88.jpg,Office,13
training/Office/19.jpg,Office,13
training/Office/37.jpg,Office,13
training/Office/85.jpg,Office,13
training/Office/72.jpg,Office,13
training/Office/89.jpg,Office,13
training/Office/68.jpg,Office,13
training/Office/12.jpg,Office,13
training/Office/20.jpg,Office,13
training/Office/70.jpg,Office,13
training/Office/53.jpg,Office,13
training/Office/22.jpg,Office,13
training/Office/96.jpg,Office,13
training/Office/48.jpg,Office,13
training/Office/76.jpg,Office,13
training/Office/60.jpg,Office,13
training/Office/91.jpg,Office,13
training/Office/11.jpg,Office,13
training/Office/65.jpg,Office,13
training/Office/77.jpg,Office,13
training/Office/95.jpg,Office,13
training/Office/64.jpg,Office,13
training/Office/34.jpg,Office,13
training/Office/92.jpg,Office,13
training/Office/75.jpg,Office,13
training/Office/21.jpg,Office,13
training/Office/39.jpg,Office,13
training/Office/35.jpg,Office,13
training/Office/1.jpg,Office,13
training/Office/81.jpg,Office,13
training/Office/40.jpg,Office,13
training/Office/26.jpg,Office,13
training/Office/42.jpg,Office,13
training/Office/86.jpg,Office,13
training/Office/47.jpg,Office,13
training/Office/93.jpg,Office,13
training/Office/5.jpg,Office,13
training/Office/59.jpg,Office,13
training/Office/99.jpg,Office,13
training/Office/57.jpg,Office,13
training/Office/69.jpg,Office,13
training/Office/45.jpg,Office,13
training/Office/67.jpg,Office,13
training/Office/49.jpg,Office,13
training/Office/32.jpg,Office,13
training/Office/30.jpg,Office,13
training/Office/38.jpg,Office,13
training/Office/33.jpg,Office,13
